Record ID,Short Read ID,Gene ID,Category,Cleavage Position,Fragment Abundance,Weighted Fragment Abundance,Normalized Fragment Abundance,Short Read Abundance,Normalized Short Read Abundance,Duplex,Alignment Score,Duplex MFE,Perfect MFE,MFE Ratio,p-value
227,>GAGATCAGCATAGCATAAGC,Solyc04g076620.3.1 E3 ubiquitin-protein ligase UPL1-like protein (AHRD V3.3 *** G7JYH3_MEDTR),2,11101,9,9,0.203821038,62,278.8459376,"5'       GAGATCAGCATAGC-ATAAGC      '3
         | ||||||||o || ||||||        
3' TCCGTCCACTAGTCGTGACGGTATTCGAAACA '5",3.5,-23.2,-34.8,0.666666667,0.037769077
235,>AGCCTTAGCCTCTCCCTGC,Solyc02g077410.3.1 28 kDa heat-and acid-stable phosphoprotein (AHRD V3.3 *** A0A151SAQ2_CAJCA),2,347,139,139,3.147902691,33,148.4179991,"5'       AGCCTTAGCCTCTCCCTGC        '3
         ||| |o||||||| |||||          
3' TAGGAGTCGAAGTCGGAGAAGGACGAATTTAC '5",2.5,-27.1,-40.5,0.669135802,0.179591837
213,>AGCCTTAGCCTCTCCCTGCG,Solyc02g077410.3.1 28 kDa heat-and acid-stable phosphoprotein (AHRD V3.3 *** A0A151SAQ2_CAJCA),2,347,139,139,3.147902691,139,625.1546021,"5'       AGCCTTAGCCTCTCCCTGCG       '3
         ||| |o||||||| |||||          
3' TAGGAGTCGAAGTCGGAGAAGGACGAATTTAC '5",3.5,-28.5,-42.9,0.664335664,0.179591837
280,>AAGCCTTAGCCTCTCCCTGC,Solyc02g077410.3.1 28 kDa heat-and acid-stable phosphoprotein (AHRD V3.3 *** A0A151SAQ2_CAJCA),2,348,280,280,6.341098945,123,553.1943601,"5'       AAGCCTTAGCCTCTCCCTGC       '3
          ||| |o||||||| |||||         
3' ATAGGAGTCGAAGTCGGAGAAGGACGAATTTA '5",3.5,-28.2,-41.4,0.68115942,0.546977375
223,>AAGCCTTAGCCTCTCCCTG,Solyc02g077410.3.1 28 kDa heat-and acid-stable phosphoprotein (AHRD V3.3 *** A0A151SAQ2_CAJCA),2,348,280,280,6.341098945,68,305.8310284,"5'       AAGCCTTAGCCTCTCCCTG        '3
          ||| |o||||||| ||||          
3' ATAGGAGTCGAAGTCGGAGAAGGACGAATTTA '5",3.5,-24.8,-38,0.652631579,0.546977375
207,>TAAGCCTTAGCCTCTCCCTGC,Solyc02g077410.3.1 28 kDa heat-and acid-stable phosphoprotein (AHRD V3.3 *** A0A151SAQ2_CAJCA),2,349,149,149,3.37437051,990,4452.539972,"5'       TAAGCCTTAGCCTCTCCCTGC      '3
         | ||| |o||||||| |||||        
3' AATAGGAGTCGAAGTCGGAGAAGGACGAATTT '5",3.5,-28.2,-42.7,0.660421546,0.326930446
263,>AGGCTAAGGCTTATGCTAT,Solyc07g065490.3.1 Protein DEK (AHRD V3.3 *** A0A0B2PUB3_GLYSO),2,1635,38,38,0.860577714,8,35.98012098,"5'       AGGCTAAGGCTTATGCTAT         '3
         ||||| |||||o| ||| o           
3' AACGAGTCCGAGTCCGAGTCCGA-GTCCGAGTC '5",4,-22.2,-32.2,0.689440994,0.451164674
264,>AGGCTAAGGCTTATGCTAT,Solyc07g065490.3.1 Protein DEK (AHRD V3.3 *** A0A0B2PUB3_GLYSO),2,1653,20,5.833333333,0.452935639,8,35.98012098,"5'       AGGCTAAGGCTTATGCTAT         '3
         ||||| |||||o |||| o           
3' TCCGAGTCCGAGTCCGAGAACGA-GTCCGAGTC '5",4,-22.6,-32.2,0.701863354,0.451164674
262,>AGGCTAAGGCTTATGCTAT,Solyc07g065490.3.1 Protein DEK (AHRD V3.3 *** A0A0B2PUB3_GLYSO),2,1623,20,5.833333333,0.452935639,8,35.98012098,"5'       AGGCTAAGGCTTATGCT-AT       '3
         ||||| |||||o| ||| ||         
3' TCCGAGTCCGAGTCCGAGTCCGAGTAGAAGTC '5",3.5,-22.1,-32.2,0.686335404,0.139282736
252,>GCCTTAGCCTCTCCCTGCGT,Solyc04g081880.3.1 DNA/RNA-binding protein Alba-like protein (AHRD V3.3 *** A0A103Y9U5_CYNCS),2,877,92,92,2.083503939,253,1137.871326,"5'       GCCTTAGCCTC-TCCCTGCGT      '3
         ||| o ||||| |||||||o|        
3' AGGTGCCGGTGCCGGAGCAGGGACGTACCCTC '5",4,-30.1,-43,0.7,0.133352157
249,>GCCTTAGCCTCTCCCTGCGTG,Solyc04g081880.3.1 DNA/RNA-binding protein Alba-like protein (AHRD V3.3 *** A0A103Y9U5_CYNCS),2,877,92,92,2.083503939,3546,15948.18863,"5'       GCCTTAGCCTC-TCCCTGCGTG     '3
         ||| o ||||| |||||||o||       
3' AGGTGCCGGTGCCGGAGCAGGGACGTACCCTC '5",4,-32.7,-45.6,0.717105263,0.069060773
151,>GCCTTAGCCTCTCCCTGCG,Solyc04g081880.3.1 DNA/RNA-binding protein Alba-like protein (AHRD V3.3 *** A0A103Y9U5_CYNCS),2,877,92,92,2.083503939,85,382.2887854,"5'       GCCTTAGCCTC-TCCCTGCG       '3
         ||| o ||||| |||||||o         
3' AGGTGCCGGTGCCGGAGCAGGGACGTACCCTC '5",4,-29.3,-41.3,0.709443099,0.193203527
113,>TAAGGCTTATGCTATGCTG,Solyc02g090020.3.1 stress regulated protein AY873991,2,531,9,9,0.203821038,47,211.3832108,"5'       TAAGGCTTATGCTATGCTG        '3
         | |o|| o||o|o||||||          
3' GAGTTTAGTTCGCGTATGGTACGACGTCTTGG '5",4,-21.1,-31.5,0.66984127,0.163934079
219,>AGAGGCTAAGGCTTATGCT,Solyc11g040370.2.1 Far upstream element-binding protein 2 (AHRD V3.3 *** A0A0B2RS73_GLYSO),2,1495,10,10,0.226467819,95,427.2639367,"5'      AGAGGCTA-AGGCTTATGCT        '3
        |||||||  ||||o| ||||          
3' ACGTATCTCCGAACTCCGGAAACGAGGGTTGG '5",3.5,-24.7,-34.3,0.720116618,0.046731827
275,>ATGCTATGCTGATCTCCGTG,Solyc07g065660.3.1 Cellulose synthase family protein (AHRD V3.3 *** B9GFY5_POPTR),2,940,26,26,0.588816331,624,2806.449437,"5'       ATGCTATGCTGATCTCCGTG       '3
          |||  |||||||||||| |         
3' AATGACCACGTAACGACTAGAGGCTCCTGTGG '5",4,-26.2,-36.6,0.715846995,0.040841084
44,>ATGCTATGCTGATCTCCGT,Solyc07g065660.3.1 Cellulose synthase family protein (AHRD V3.3 *** B9GFY5_POPTR),2,940,26,26,0.588816331,190,854.5278733,"5'       ATGCTATGCTGATCTCCGT        '3
          |||  ||||||||||||           
3' AATGACCACGTAACGACTAGAGGCTCCTGTGG '5",4,-26.2,-34,0.770588235,0.153626079
277,>TTATGCTATGCTGATCTCCGT,Solyc08g077720.3.1 60S ribosomal protein L37a (AHRD V3.3 *** RL37A_GOSHI),2,193,34,17,0.769990586,3832,17234.47795,"5'        TTATGCTATGCTGATCTCCGT      '3
          o||||||  |||o|o||||o|        
3' CATGAACGATACGAC-CGATTGGAGGTAAAAGA '5",4,-24.8,-36.3,0.683195592,0.304057294
272,>TTATGCTATGCTGATCTCCG,Solyc08g077720.3.1 60S ribosomal protein L37a (AHRD V3.3 *** RL37A_GOSHI),2,193,34,17,0.769990586,506,2275.742652,"5'        TTATGCTATGCTGATCTCCG       '3
          o||||||  |||o|o||||o         
3' CATGAACGATACGAC-CGATTGGAGGTAAAAGA '5",4,-24,-34.6,0.693641618,0.41942246
35,>TTATGCTATGCTGATCTCC,Solyc08g077720.3.1 60S ribosomal protein L37a (AHRD V3.3 *** RL37A_GOSHI),2,193,34,17,0.769990586,110,494.7266635,"5'        TTATGCTATGCTGATCTCC        '3
          o||||||  |||o|o||||          
3' CATGAACGATACGAC-CGATTGGAGGTAAAAGA '5",3.5,-22.5,-32.2,0.698757764,0.41942246
46,>ATGCTATGCTGATCTCCGT,Solyc08g077720.3.1 60S ribosomal protein L37a (AHRD V3.3 *** RL37A_GOSHI),2,191,42,21,0.951164842,190,854.5278733,"5'        ATGCTATGCTGATCTCCGT        '3
          |||||  |||o|o||||o|          
3' TGAACGATACGAC-CGATTGGAGGTAAAAGAAT '5",3.5,-22.5,-34,0.661764706,0.304057294
230,>AGGCTTATGCTATGCTGATCT,Solyc04g082640.3.1 Chloroplast inner membrane localized protein (AHRD V3.3 *** Q9C7S3_ARATH),2,435,19,19,0.430288857,2621,11787.98714,"5'        AGGCTTATGCTATGCTGATCT      '3
          | ||| ||||o |||||||||        
3' GTCGAGGT-CGATTACGGAACGACTAGACTCCA '5",3.5,-24.7,-36.8,0.671195652,0.133757962
61,>AGGCTTATGCTATGCTGATC,Solyc04g082640.3.1 Chloroplast inner membrane localized protein (AHRD V3.3 *** Q9C7S3_ARATH),2,435,19,19,0.430288857,149,670.1297533,"5'        AGGCTTATGCTATGCTGATC       '3
          | ||| ||||o ||||||||         
3' GTCGAGGT-CGATTACGGAACGACTAGACTCCA '5",3.5,-23.1,-35.2,0.65625,0.133757962
214,>TAAGGCTTATGCTATGCTGATCT,Solyc02g093935.1.1 Sister chromatid cohesion 1 protein 2 (AHRD V3.3 *** U5FJA7_POPTR),0,1883,14,14,0.317054947,346,1556.140233,"5'        TAAGGCTTATGCTATGCTGATCT    '3
          o ||||oo||||| |||||||||      
3' CAAAGACG-TCCGGGTACGACACGACTAGATTA '5",3.5,-32.5,-39,0.833333333,8.62E-04
203,>TAAGGCTTATGCTATGCTGAT,Solyc02g093935.1.1 Sister chromatid cohesion 1 protein 2 (AHRD V3.3 *** U5FJA7_POPTR),0,1883,14,14,0.317054947,1119,5032.719423,"5'        TAAGGCTTATGCTATGCTGAT      '3
          o ||||oo||||| |||||||        
3' CAAAGACG-TCCGGGTACGACACGACTAGATTA '5",3.5,-28,-34.5,0.811594203,8.62E-04
114,>TAAGGCTTATGCTATGCTG,Solyc02g093935.1.1 Sister chromatid cohesion 1 protein 2 (AHRD V3.3 *** U5FJA7_POPTR),0,1883,14,14,0.317054947,47,211.3832108,"5'        TAAGGCTTATGCTATGCTG        '3
          o ||||oo||||| |||||          
3' CAAAGACG-TCCGGGTACGACACGACTAGATTA '5",3.5,-25,-31.5,0.793650794,8.62E-04
108,>TAAGGCTTATGCTATGCTGATC,Solyc02g093935.1.1 Sister chromatid cohesion 1 protein 2 (AHRD V3.3 *** U5FJA7_POPTR),0,1883,14,14,0.317054947,1963,8828.622186,"5'        TAAGGCTTATGCTATGCTGATC     '3
          o ||||oo||||| ||||||||       
3' CAAAGACG-TCCGGGTACGACACGACTAGATTA '5",3.5,-30.9,-37.4,0.826203209,8.62E-04
99,>TAAGGCTTATGCTATGCTGA,Solyc02g093935.1.1 Sister chromatid cohesion 1 protein 2 (AHRD V3.3 *** U5FJA7_POPTR),0,1883,14,14,0.317054947,121,544.1993299,"5'        TAAGGCTTATGCTATGCTGA       '3
          o ||||oo||||| ||||||         
3' CAAAGACG-TCCGGGTACGACACGACTAGATTA '5",3.5,-26.9,-33.4,0.805389222,8.62E-04
74,>CTTATGCTATGCTGATCTC,Solyc11g005170.2.1 RNA-binding 39 (AHRD V3.3 *** A0A0B0PR36_GOSAR),2,717,12,12,0.271761383,109,490.2291484,"5'      CTTAT-GCTATGCTGATCTC        '3
        |||||  |||| |o||||||          
3' GCGAGGAATAGAGATAGGGCTAGAGATGAGAA '5",3.5,-20.6,-31.4,0.656050955,0.317681751
53,>GGAGATCAGCATAGCATAA,Solyc02g063125.1.1 Tubulin alpha chain (AHRD V3.3 *-* TBA_PRUDU),2,125,609,304.5,13.79189021,3,13.49254537,"5'      GGAGATCA-GCATAGCATAA        '3
        |||o|||| o||||o||||           
3' CTCAACCTTTAGTATGTATTGTATGGAAACGT '5",3.5,-22.1,-32.2,0.686335404,0.099314374
47,>ATGCTATGCTGATCTCCGT,Solyc08g080850.3.1 Serine/threonine-protein kinase RIO1 (AHRD V3.3 *** K4CP83_SOLLC),2,2601,8,8,0.181174256,190,854.5278733,"5'      A-TGCTATGCTGATCTCCGT        '3
        | |||o||o ||||||||oo          
3' AAGAGTAACGGTATTACTAGAGGTGTATTGTA '5",4,-22.3,-34,0.655882353,0.108483949
243,>CTTATGCTATGCTGATCTCC,Solyc08g080850.3.1 Serine/threonine-protein kinase RIO1 (AHRD V3.3 *** K4CP83_SOLLC),2,2604,12,12,0.271761383,419,1884.458836,"5'      CTTA-TGCTATGCTGATCTCC       '3
        ||o| |||o||o ||||||||         
3' CTCAAGAGTAACGGTATTACTAGAGGTGTATT '5",3.5,-23,-34.7,0.662824207,0.028299801
122,>CTTATGCTATGCTGATCTCCG,Solyc08g080850.3.1 Serine/threonine-protein kinase RIO1 (AHRD V3.3 *** K4CP83_SOLLC),2,2604,12,12,0.271761383,6055,27232.45407,"5'      CTTA-TGCTATGCTGATCTCCG      '3
        ||o| |||o||o ||||||||o        
3' CTCAAGAGTAACGGTATTACTAGAGGTGTATT '5",4,-24.5,-37.1,0.660377358,0.082519432
224,>AAGCCTTAGCCTCTCCCTG,Solyc06g083980.2.1 bHLH transcription factor138,2,391,7,7,0.158527474,68,305.8310284,"5'        AAGCCTTAGCCTCTCCCTG        '3
          || ||||| |||||||||           
3' GGTATAATT-GGAATAGGAGAGGGAAGTCTTTT '5",3,-25,-38,0.657894737,0.059435183
129,>ATAAGCCTTAGCCTCTCCCT,Solyc06g083980.2.1 bHLH transcription factor138,2,393,8,8,0.181174256,209,939.9806607,"5'       ATAAGCCTTAGCCTCTCCCT       '3
         || |o||||| |||||||||         
3' GAGGTATAATTGGAATAGGAGAGGGAAGTCTT '5",2.5,-26.4,-37.8,0.698412698,0.059435183
87,>ATAAGCCTTAGCCTCTCCC,Solyc06g083980.2.1 bHLH transcription factor138,2,393,8,8,0.181174256,77,346.3086645,"5'       ATAAGCCTTAGCCTCTCCC        '3
         || |o||||| ||||||||          
3' GAGGTATAATTGGAATAGGAGAGGGAAGTCTT '5",2.5,-24.8,-36.2,0.685082873,0.059435183
66,>ATAAGCCTTAGCCTCTCCCTG,Solyc06g083980.2.1 bHLH transcription factor138,2,393,8,8,0.181174256,4310,19384.29018,"5'       ATAAGCCTTAGCCTCTCCCTG      '3
         || |o||||| |||||||||         
3' GAGGTATAATTGGAATAGGAGAGGGAAGTCTT '5",3.5,-27.5,-40.4,0.680693069,0.078451268
206,>CATAAGCCTTAGCCTCTCCCT,Solyc06g083980.2.1 bHLH transcription factor138,0,394,16,16,0.362348511,2971,13362.11743,"5'       CATAAGCCTTAGCCTCTCCCT      '3
          || |o||||| |||||||||        
3' GGAGGTATAATTGGAATAGGAGAGGGAAGTCT '5",3.5,-26.4,-40.4,0.653465347,5.18E-04
168,>ATCAGCATAGCATAAGCCTT,Solyc11g011380.2.1 glutamine synthetase,2,672,29,14.5,0.656756676,97,436.2589669,"5'       ATCAGCATAGC-ATAAGCCTT      '3
          o||||||||  |o|||||||        
3' CAATTAGGGTCGTATCTCTGTTCGGAACATTA '5",4,-24.4,-33.2,0.734939759,0.506631003
137,>ATCAGCATAGCATAAGCCT,Solyc11g011380.2.1 glutamine synthetase,2,672,29,14.5,0.656756676,25,112.4378781,"5'       ATCAGCATAGC-ATAAGCCT       '3
          o||||||||  |o||||||         
3' CAATTAGGGTCGTATCTCTGTTCGGAACATTA '5",4,-23.5,-32.3,0.72755418,0.506631003
31,>CAGCATAGCATAAGCCTTA,Solyc11g011380.2.1 glutamine synthetase,2,669,12,6,0.271761383,10,44.97515123,"5'      CAGCATAGC-ATAAGCCTTA        '3
        ||||||||  |o|||||||           
3' TTAGGGTCGTATCTCTGTTCGGAACATTACCC '5",3.5,-23.6,-31.5,0.749206349,0.345509852
186,>ACGGAGATCAGCATAGCAT,Solyc03g078400.3.1 actin,2,747,24,24,0.543522767,27,121.4329083,"5'        ACGGAGATCAGCATAGCAT        '3
          ||o||||  ||||o||| |          
3' GATCGTATGTCTCTT-TCGTGTCGGACCTATCG '5",4,-23.2,-34,0.682352941,0.212921807
56,>GGAGATCAGCATAGCATAA,Solyc11g010240.2.1 Histone H3 (AHRD V3.3 *-* K7VSQ3_MAIZE),2,3220,89,44.5,2.015563593,3,13.49254537,"5'      GGAGA-TCAGCATAGCATAA        '3
        |o||| o||o||o||||| |          
3' GAGAACTTCTCGGTTGTGTCGTACTGAGACCT '5",4,-21.5,-32.2,0.667701863,0.187441746
37,>TTATGCTATGCTGATCTCC,Solyc12g094630.2.1 Chloroplast inner membrane localized protein (AHRD V3.3 *** Q9C7S3_ARATH),2,542,12,12,0.271761383,110,494.7266635,"5'       TTATGCTATGCTGATCTCC        '3
         | ||||o ||||o|||||           
3' AAGCCGATTACGGAACGATTAGAGACCACGCT '5",4,-21.6,-32.2,0.670807453,0.577982138
76,>CTTATGCTATGCTGATCTC,Solyc12g042065.1.1 Chloroplast ATP-dependent Clp protease chaperone protein (AHRD V3.3 *** A0A088F8F4_NICBE),2,1153,56,56,1.268219789,109,490.2291484,"5'        CTTATGCTATGCTGATCTC        '3
          ||o| ||o|||||| o|||          
3' CGTAAAAGAGT-CGGTACGACAGGAGATTTTCA '5",3.5,-20.5,-31.4,0.652866242,0.380641394
170,>GAGATCAGCATAGCATAAG,Solyc03g062890.3.1 Superoxide dismutase [Cu-Zn] (AHRD V3.3 *** K4BH38_SOLLC),2,555,13,13,0.294408165,41,184.39812,"5'       GAGATCAGCATAGCATAAG         '3
         o ||||||||| |||o||            
3' TAGTAGTCCTAGTCGTA-CGTGTTGATGACGAG '5",4,-21.5,-31.4,0.684713376,0.234420277
305,>TTCACGGAGATCAGCATAG,Solyc07g064130.2.1 Polyubiquitin (AHRD V3.3 *** UBI1P_NICSY),2,1984,348,348,7.881080117,43,193.3931503,"5'       TTCACGGAGATCAGCATAG        '3
         ||||||o||||| |||||           
3' TCTCAGAAGTGCTTCTAGACGTATGGTGGTGC '5",2.5,-23.6,-33.4,0.706586826,0.124150124
196,>TTCACGGAGATCAGCATAGCAT,Solyc07g064130.2.1 Polyubiquitin (AHRD V3.3 *** UBI1P_NICSY),2,1984,348,348,7.881080117,1921,8639.726551,"5'       TTCACGGAGATCAGCATAGCAT     '3
         ||||||o||||| ||||| ||o       
3' TCTCAGAAGTGCTTCTAGACGTATGGTGGTGC '5",3,-27.7,-39.5,0.701265823,0.064131486
181,>TTCACGGAGATCAGCATAGCATAA,Solyc07g064130.2.1 Polyubiquitin (AHRD V3.3 *** UBI1P_NICSY),2,1984,348,348,7.881080117,8,35.98012098,"5'       TTCACGGAGATCAGCATAGCATAA   '3
         ||||||o||||| ||||| ||o |     
3' TCTCAGAAGTGCTTCTAGACGTATGGTGGTGC '5",4,-28.8,-41.8,0.688995215,0.064131486
154,>TTCACGGAGATCAGCATAGCA,Solyc07g064130.2.1 Polyubiquitin (AHRD V3.3 *** UBI1P_NICSY),2,1984,348,348,7.881080117,1516,6818.232926,"5'       TTCACGGAGATCAGCATAGCA      '3
         ||||||o||||| ||||| ||        
3' TCTCAGAAGTGCTTCTAGACGTATGGTGGTGC '5",2.5,-26.3,-38.4,0.684895833,0.064131486
133,>TTCACGGAGATCAGCATAGCATA,Solyc07g064130.2.1 Polyubiquitin (AHRD V3.3 *** UBI1P_NICSY),2,1984,348,348,7.881080117,231,1038.925993,"5'       TTCACGGAGATCAGCATAGCA-TA   '3
         ||||||o||||| ||||| || o|     
3' TCTCAGAAGTGCTTCTAGACGTATGGTGGTGC '5",4,-26.9,-40.8,0.659313725,0.064131486
267,>CATAGCATAAGCCTTAGCC,Solyc02g092430.1.1 60S ribosomal protein L26-1 (AHRD V3.3 *** RL261_ARATH),2,372,17,17,0.384995293,62,278.8459376,"5'      CA-TAGCATAAGCCTTAGCC        '3
        || o||||o | ||||||||          
3' TAGCCGTCGTCGTGCTGGGAATCGGAATGCCA '5",4,-22,-33.2,0.662650602,0.729071589
182,>CATAGCATAAGCCTTAGCCT,Solyc02g092430.1.1 60S ribosomal protein L26-1 (AHRD V3.3 *** RL261_ARATH),2,372,17,17,0.384995293,150,674.6272684,"5'      CA-TAGCATAAGCCTTAGCCT       '3
        || o||||o | |||||||||         
3' TAGCCGTCGTCGTGCTGGGAATCGGAATGCCA '5",4,-23.6,-34.8,0.67816092,0.543214058
270,>TAAGCCTTAGCCTCTCCCTGCG,Solyc07g053740.1.1 Ethylene Response Factor F.4,2,179,77,77,1.74380221,4112,18493.78219,"5'       TAAGCCTTAGCCTCTCCCTGCG     '3
         |||||||||||| || ||| ||       
3' CGTAGCATTCGGAATCGGCGAAGGAGGCGGCA '5",3,-29.6,-45.1,0.65631929,0.121396055
260,>TAAGCCTTAGCCTCTCCCTGCGT,Solyc07g053740.1.1 Ethylene Response Factor F.4,2,179,77,77,1.74380221,168,755.5825406,"5'       TAAGCCTTAGCCTCTCCCTGCGT    '3
         |||||||||||| || ||| ||o      
3' CGTAGCATTCGGAATCGGCGAAGGAGGCGGCA '5",3.5,-31.6,-46.8,0.675213675,0.121396055
177,>TAAGCCTTAGCCTCTCCCTG,Solyc07g053740.1.1 Ethylene Response Factor F.4,2,179,77,77,1.74380221,181,814.0502372,"5'       TAAGCCTTAGCCTCTCCCTG       '3
         |||||||||||| || |||          
3' CGTAGCATTCGGAATCGGCGAAGGAGGCGGCA '5",3,-26.5,-39.3,0.674300254,0.121396055
159,>TAAGCCTTAGCCTCTCCCT,Solyc07g053740.1.1 Ethylene Response Factor F.4,2,179,77,77,1.74380221,47,211.3832108,"5'       TAAGCCTTAGCCTCTCCCT        '3
         |||||||||||| || |||          
3' CGTAGCATTCGGAATCGGCGAAGGAGGCGGCA '5",2,-25.3,-36.7,0.689373297,0.121396055
130,>ATAAGCCTTAGCCTCTCCCT,Solyc07g053740.1.1 Ethylene Response Factor F.4,2,180,57,57,1.290866571,209,939.9806607,"5'       ATAAGCCTTAGCCTCTCCCT       '3
          |||||||||||| || |||         
3' CCGTAGCATTCGGAATCGGCGAAGGAGGCGGC '5",3,-25.9,-37.8,0.685185185,0.47644086
106,>ATAAGCCTTAGCCTCTCCCTGCG,Solyc07g053740.1.1 Ethylene Response Factor F.4,2,180,57,57,1.290866571,252,1133.373811,"5'       ATAAGCCTTAGCCTCTCCCTGCG    '3
          |||||||||||| || ||| ||      
3' CCGTAGCATTCGGAATCGGCGAAGGAGGCGGC '5",4,-30.2,-46.2,0.653679654,0.228055107
88,>ATAAGCCTTAGCCTCTCCC,Solyc07g053740.1.1 Ethylene Response Factor F.4,2,180,57,57,1.290866571,77,346.3086645,"5'       ATAAGCCTTAGCCTCTCCC        '3
          |||||||||||| || ||          
3' CCGTAGCATTCGGAATCGGCGAAGGAGGCGGC '5",3,-24.9,-36.2,0.687845304,0.47644086
67,>ATAAGCCTTAGCCTCTCCCTG,Solyc07g053740.1.1 Ethylene Response Factor F.4,2,180,57,57,1.290866571,4310,19384.29018,"5'       ATAAGCCTTAGCCTCTCCCTG      '3
          |||||||||||| || |||         
3' CCGTAGCATTCGGAATCGGCGAAGGAGGCGGC '5",4,-27.1,-40.4,0.670792079,0.47644086
225,>AAGCCTTAGCCTCTCCCTG,Solyc12g042600.2.1 Glycosyltransferase (AHRD V3.3 *** K4DF51_SOLLC),2,667,13,6.5,0.294408165,68,305.8310284,"5'       AAGCCTTAGCCTCTCCCTG        '3
         |||| | |||||||||||           
3' AAGGTATTCGAACTCGGAGAGGGAGGAAGTAA '5",3,-26.3,-38,0.692105263,0.296626518
283,>TCAGCATAGCATAAGCCTT,"Solyc01g087180.3.1 Microspore-specific promoter 2, putative (AHRD V3.3 --* A0A061G480_THECC)",2,288,7,7,0.158527474,38,170.9055747,"5'        TCAGCATAGCATAAGCCTT        '3
          |||o|||  ||o||||||o          
3' GGAGAAGAGTTGTAA-GTGTTCGGAGAGGTACT '5",3.5,-21.4,-32.1,0.666666667,0.049089891
45,>ATGCTATGCTGATCTCCGT,Solyc08g007140.3.1 60S ribosomal protein L37a (AHRD V3.3 *** RL37A_GOSHI),2,256,42,21,0.951164842,190,854.5278733,"5'        ATGCTATGCTGATCTCCGT        '3
          |||||  |||o|o||||o|          
3' TGAACGATACGAC-CGATTGGAGGTAAAAGAAT '5",3.5,-22.5,-34,0.661764706,0.233768924
276,>TTATGCTATGCTGATCTCCGT,Solyc08g007140.3.1 60S ribosomal protein L37a (AHRD V3.3 *** RL37A_GOSHI),2,258,34,17,0.769990586,3832,17234.47795,"5'        TTATGCTATGCTGATCTCCGT      '3
          o||||||  |||o|o||||o|        
3' CATGAACGATACGAC-CGATTGGAGGTAAAAGA '5",4,-24.8,-36.3,0.683195592,0.233768924
271,>TTATGCTATGCTGATCTCCG,Solyc08g007140.3.1 60S ribosomal protein L37a (AHRD V3.3 *** RL37A_GOSHI),2,258,34,17,0.769990586,506,2275.742652,"5'        TTATGCTATGCTGATCTCCG       '3
          o||||||  |||o|o||||o         
3' CATGAACGATACGAC-CGATTGGAGGTAAAAGA '5",4,-24,-34.6,0.693641618,0.329282493
34,>TTATGCTATGCTGATCTCC,Solyc08g007140.3.1 60S ribosomal protein L37a (AHRD V3.3 *** RL37A_GOSHI),2,258,34,17,0.769990586,110,494.7266635,"5'        TTATGCTATGCTGATCTCC        '3
          o||||||  |||o|o||||          
3' CATGAACGATACGAC-CGATTGGAGGTAAAAGA '5",3.5,-22.5,-32.2,0.698757764,0.329282493
23,>AGCATAAGCCTTAGCCTCTC,Solyc03g006680.3.1 Adenine nucleotide alpha hydrolases-like superfamily protein (AHRD V3.3 *** AT1G11360.4),2,595,7,7,0.158527474,85,382.2887854,"5'      AGCA-TAAGCCTTAGCCTCTC       '3
        |||| | |o||oo|o||||||         
3' TAGTGTCGTGAGTTGGGGTTGGAGAGTTAAAG '5",4,-26,-37.2,0.698924731,0.173689196
2,>AGCATAAGCCTTAGCCTCT,Solyc03g006680.3.1 Adenine nucleotide alpha hydrolases-like superfamily protein (AHRD V3.3 *** AT1G11360.4),2,595,7,7,0.158527474,29,130.4279386,"5'      AGCA-TAAGCCTTAGCCTCT        '3
        |||| | |o||oo|o|||||          
3' TAGTGTCGTGAGTTGGGGTTGGAGAGTTAAAG '5",4,-23.1,-34.3,0.673469388,0.248869933
32,>CAGCATAGCATAAGCCTTA,Solyc11g011390.2.1 Glutamine synthetase (AHRD V3.3 *-* GLNA_NICPL),2,609,12,6,0.271761383,10,44.97515123,"5'      CAGCATAGC-ATAAGCCTTA        '3
        ||||||||  |o|||||||           
3' TTAGGGTCGTATCTCTGTTCGGAACATTACCC '5",3.5,-23.6,-31.5,0.749206349,0.260308099
169,>ATCAGCATAGCATAAGCCTT,Solyc11g011390.2.1 Glutamine synthetase (AHRD V3.3 *-* GLNA_NICPL),2,612,29,14.5,0.656756676,97,436.2589669,"5'       ATCAGCATAGC-ATAAGCCTT      '3
          o||||||||  |o|||||||        
3' CAATTAGGGTCGTATCTCTGTTCGGAACATTA '5",4,-24.4,-33.2,0.734939759,0.395005483
138,>ATCAGCATAGCATAAGCCT,Solyc11g011390.2.1 Glutamine synthetase (AHRD V3.3 *-* GLNA_NICPL),2,612,29,14.5,0.656756676,25,112.4378781,"5'       ATCAGCATAGC-ATAAGCCT       '3
          o||||||||  |o||||||         
3' CAATTAGGGTCGTATCTCTGTTCGGAACATTA '5",4,-23.5,-32.3,0.72755418,0.395005483
298,>GCTATGCTGATCTCCGTGA,Solyc02g094120.3.1 sulfite oxidase,2,1154,25,25,0.566169549,97,436.2589669,"5'       GCTATGCTGATCTCCGTGA         '3
         ||o|o||o |o|||| |||           
3' AAGATACGGTGCGGGTGGAGG-ACTATTACGCA '5",4,-24.9,-35.8,0.695530726,0.199926875
33,>TTATGCTATGCTGATCTCC,Solyc02g094120.3.1 sulfite oxidase,2,1158,30,30,0.679403458,110,494.7266635,"5'      T-TATGCTATGCTGATCTCC        '3
        | |||||o|o||o |o||||          
3' GGGAAAGATACGGTGCGGGTGGAGGACTATTA '5",4,-26.9,-32.2,0.835403727,0.199926875
120,>CTAAGGCTTATGCTATGCT,Solyc10g005510.3.1 Glyceraldehyde-3-phosphate dehydrogenase (AHRD V3.3 *** K4CX83_SOLLC),2,1280,15,15,0.339701729,104,467.7415728,"5'       CTAAGGCTTATGCTATGCT         '3
         || ||||o|||o|o| |||           
3' CTAAACGAGTCCGGATATGGT-CGAAATCGTAG '5",3.5,-20.8,-31.5,0.66031746,0.103283582
126,>ATAAGCCTTAGCCTCTCCCT,Solyc01g097320.3.1 Mediator of RNA polymerase II transcription subunit 14 (AHRD V3.3 *** A0A061F303_THECC),2,5504,13,13,0.294408165,209,939.9806607,"5'       ATAAGCCTTAGCCTCTCCCT        '3
         |o|| |||||o||| |||||          
3' AGACGCTGTTGGGAATTGGA-AGGGACTAACCG '5",3,-24.9,-37.8,0.658730159,0.094737323
64,>ATAAGCCTTAGCCTCTCCCTG,Solyc01g097320.3.1 Mediator of RNA polymerase II transcription subunit 14 (AHRD V3.3 *** A0A061F303_THECC),2,5504,13,13,0.294408165,4310,19384.29018,"5'       ATAAGCCTTAGCCTCTCCCTG       '3
         |o|| |||||o||| ||||||         
3' AGACGCTGTTGGGAATTGGA-AGGGACTAACCG '5",3,-27.5,-40.4,0.680693069,0.039029964
139,>CATAAGCCTTAGCCTCTCCCTG,Solyc01g097320.3.1 Mediator of RNA polymerase II transcription subunit 14 (AHRD V3.3 *** A0A061F303_THECC),2,5505,21,21,0.475582421,1332,5990.690144,"5'       CATAAGCCTTAGCCTCTCCCTG      '3
          |o|| |||||o||| ||||||        
3' CAGACGCTGTTGGGAATTGGA-AGGGACTAACC '5",4,-28.1,-43,0.653488372,0.019709208
127,>ATAAGCCTTAGCCTCTCCCT,Solyc03g033840.3.1 P-loop containing nucleoside triphosphate hydrolases superfamily protein (AHRD V3.3 *** AT3G50940.1),2,2673,107,107,2.423205668,209,939.9806607,"5'        ATAAGCCTTAGCCTCTCCCT       '3
           | |||||o||||||| |||         
3' GAGTCCGAA-TCGGAGTCGGAGAAGGAAGAGAA '5",3.5,-28.4,-37.8,0.751322751,0.249239142
85,>ATAAGCCTTAGCCTCTCCC,Solyc03g033840.3.1 P-loop containing nucleoside triphosphate hydrolases superfamily protein (AHRD V3.3 *** AT3G50940.1),2,2673,107,107,2.423205668,77,346.3086645,"5'        ATAAGCCTTAGCCTCTCCC        '3
           | |||||o||||||| ||          
3' GAGTCCGAA-TCGGAGTCGGAGAAGGAAGAGAA '5",3.5,-27.4,-36.2,0.756906077,0.284265598
201,>CAGCATAGCATAAGCCTTAGCCT,Solyc03g044000.1.1 60S ribosomal protein L26-1 (AHRD V3.3 *** RL261_ARATH),2,375,12,12,0.271761383,32,143.9204839,"5'      CAGCA-TAGCATAAGCCTTAGCCT    '3
        ||||| o||||o | |||||||||      
3' GAACAGTCGTCGTCGTGCTGGGAATCGGAATG '5",4,-31.2,-42.4,0.735849057,0.220379147
79,>CAGCATAGCATAAGCCTTAGCC,Solyc03g044000.1.1 60S ribosomal protein L26-1 (AHRD V3.3 *** RL261_ARATH),2,375,12,12,0.271761383,807,3629.494704,"5'      CAGCA-TAGCATAAGCCTTAGCC     '3
        ||||| o||||o | ||||||||       
3' GAACAGTCGTCGTCGTGCTGGGAATCGGAATG '5",4,-29.6,-40.8,0.725490196,0.220379147
43,>CAGCATAGCATAAGCCTTAGC,Solyc03g044000.1.1 60S ribosomal protein L26-1 (AHRD V3.3 *** RL261_ARATH),2,375,12,12,0.271761383,420,1888.956352,"5'      CAGCA-TAGCATAAGCCTTAGC      '3
        ||||| o||||o | |||||||        
3' GAACAGTCGTCGTCGTGCTGGGAATCGGAATG '5",4,-26.3,-37.5,0.701333333,0.220379147
7,>CAGCATAGCATAAGCCTTAG,Solyc03g044000.1.1 60S ribosomal protein L26-1 (AHRD V3.3 *** RL261_ARATH),2,375,12,12,0.271761383,43,193.3931503,"5'      CAGCA-TAGCATAAGCCTTAG       '3
        ||||| o||||o | ||||||         
3' GAACAGTCGTCGTCGTGCTGGGAATCGGAATG '5",4,-22.9,-34.1,0.671554252,0.630568615
250,>AGATCAGCATAGCATAAGC,Solyc06g073450.3.1 DUF1685 family protein (AHRD V3.3 *** G7IB02_MEDTR),2,831,13,13,0.294408165,35,157.4130293,"5'       AGATCAGCATAGCATAAGC        '3
          ||||||||| o||||||           
3' CATAAAACTAGTCGTAATGTATTCTTTTGTTT '5",3.5,-22.7,-31.9,0.711598746,0.126637555
102,>ATAGCATAAGCCTTAGCCT,Solyc01g081010.3.1 Nucleolar GTP-binding protein 1 (AHRD V3.3 *** K4AXZ3_SOLLC),2,1352,15,7.5,0.339701729,115,517.2142391,"5'       ATAGCATAAGCCTTAGCCT        '3
          o|||||  ||||o|||||          
3' ACAAAGAGTCGTAGACGGAGTCGGACGAAGCG '5",4,-25.9,-32.2,0.804347826,0.347671108
245,>CTTATGCTATGCTGATCTCC,Solyc11g069190.2.1 auxin response factor 4,2,2869,43,43,0.973811624,419,1884.458836,"5'       CTTATGCTATG-CTGATCTCC      '3
         ||o||||o|||  | ||||||        
3' TGTCTTGAGTACGGTACCTAGTAGAGGCTGTT '5",4,-23.5,-34.7,0.677233429,0.330099576
124,>CTTATGCTATGCTGATCTCCG,Solyc11g069190.2.1 auxin response factor 4,2,2869,43,43,0.973811624,6055,27232.45407,"5'       CTTATGCTATG-CTGATCTCCG     '3
         ||o||||o|||  | |||||||       
3' TGTCTTGAGTACGGTACCTAGTAGAGGCTGTT '5",4,-25.9,-37.1,0.698113208,0.213667635
